date,sales_total,transactions,average_basket,day_of_week,is_weekend,month,year,temp_max,temp_min,precipitation_sum,weather_code,wind_speed_max
2024-01-01,399.87,57,7.02,Monday,False,1,2024,12.3,3.3,0.0,3,17.1
2024-01-02,374.55,49,7.64,Tuesday,False,1,2024,10.1,0.9,0.8,53,10.0
2024-01-03,406.07,52,7.81,Wednesday,False,1,2024,11.6,4.0,0.0,3,14.2
2024-01-04,441.17,54,8.17,Thursday,False,1,2024,12.1,3.1,0.0,3,12.1
2024-01-05,370.96,54,6.87,Friday,False,1,2024,10.2,7.4,11.6,63,29.3
2024-01-06,431.05,66,6.53,Saturday,True,1,2024,9.4,5.8,0.0,3,46.4
2024-01-07,503.66,74,6.81,Sunday,True,1,2024,7.9,5.8,0.0,3,51.7
2024-01-08,411.27,50,8.23,Monday,False,1,2024,5.7,0.9,0.0,3,42.7
2024-01-09,361.88,44,8.22,Tuesday,False,1,2024,6.5,-0.1,0.0,3,34.8
2024-01-10,402.44,52,7.74,Wednesday,False,1,2024,8.5,1.9,5.7,61,15.0
2024-01-11,362.29,47,7.71,Thursday,False,1,2024,5.4,1.9,7.6,55,36.8
2024-01-12,362.27,46,7.88,Friday,False,1,2024,5.2,0.9,0.0,1,38.0
2024-01-13,450.66,66,6.83,Saturday,True,1,2024,7.1,-0.7,0.0,3,30.8
2024-01-14,364.54,44,8.28,Sunday,True,1,2024,8.6,-1.1,0.1,51,14.6
2024-01-15,312.15,43,7.26,Monday,False,1,2024,12.6,3.4,0.0,3,28.9
2024-01-16,358.74,49,7.32,Tuesday,False,1,2024,9.1,2.2,0.2,51,30.4
2024-01-17,340.8,45,7.57,Wednesday,False,1,2024,15.1,4.6,6.2,61,25.3
2024-01-18,393.97,60,6.57,Thursday,False,1,2024,13.8,6.8,6.8,63,15.9
2024-01-19,345.16,51,6.77,Friday,False,1,2024,4.2,0.9,0.3,51,46.9
2024-01-20,385.07,48,8.02,Saturday,True,1,2024,5.0,-1.5,0.0,2,42.1
2024-01-21,500.27,75,6.67,Sunday,True,1,2024,9.0,-4.1,0.0,3,6.5
2024-01-22,372.69,48,7.76,Monday,False,1,2024,10.2,-0.5,2.1,61,9.1
2024-01-23,384.51,55,6.99,Tuesday,False,1,2024,13.9,3.2,0.0,3,27.2
2024-01-24,324.9,45,7.22,Wednesday,False,1,2024,17.4,6.2,0.0,3,26.4
2024-01-25,360.2,51,7.06,Thursday,False,1,2024,16.6,10.9,0.0,0,31.7
2024-01-26,386.49,54,7.16,Friday,False,1,2024,16.5,10.1,0.0,3,28.8
2024-01-27,396.1,50,7.92,Saturday,True,1,2024,14.2,7.1,0.0,1,35.8
2024-01-28,457.25,64,7.14,Sunday,True,1,2024,14.6,2.1,0.0,3,11.6
2024-01-29,358.28,47,7.62,Monday,False,1,2024,14.4,3.2,0.0,3,13.3
2024-01-30,370.72,50,7.41,Tuesday,False,1,2024,13.4,3.0,0.0,3,8.0
2024-01-31,358.4,46,7.79,Wednesday,False,1,2024,12.6,1.8,0.0,3,8.9
2024-02-01,456.64,55,8.3,Thursday,False,2,2024,14.9,5.6,0.0,3,35.8
2024-02-02,382.09,48,7.96,Friday,False,2,2024,13.8,9.6,0.0,3,38.9
2024-02-03,400.4,58,6.9,Saturday,True,2,2024,14.9,8.2,0.0,3,34.8
2024-02-04,475.7,72,6.61,Sunday,True,2,2024,13.5,6.4,0.0,3,37.7
2024-02-05,334.04,48,6.96,Monday,False,2,2024,14.2,7.2,0.0,3,37.3
2024-02-06,391.31,51,7.67,Tuesday,False,2,2024,11.3,3.8,0.0,3,23.7
2024-02-07,304.65,46,6.62,Wednesday,False,2,2024,14.8,6.2,0.0,3,28.1
2024-02-08,330.0,44,7.5,Thursday,False,2,2024,16.5,4.8,0.6,51,27.2
2024-02-09,391.08,51,7.67,Friday,False,2,2024,14.2,10.4,7.5,61,33.4
2024-02-10,472.83,66,7.16,Saturday,True,2,2024,13.1,7.8,25.1,63,28.0
2024-02-11,450.22,56,8.04,Sunday,True,2,2024,13.4,3.2,0.0,3,16.1
2024-02-12,378.83,56,6.76,Monday,False,2,2024,11.9,3.0,0.1,51,26.2
2024-02-13,371.49,56,6.63,Tuesday,False,2,2024,14.0,6.4,0.0,3,28.9
2024-02-14,324.48,41,7.91,Wednesday,False,2,2024,16.5,4.3,0.0,3,10.7
2024-02-15,354.9,47,7.55,Thursday,False,2,2024,16.4,4.1,0.0,3,16.9
2024-02-16,365.36,46,7.94,Friday,False,2,2024,15.4,5.8,0.2,51,11.3
2024-02-17,486.15,66,7.37,Saturday,True,2,2024,14.2,10.1,0.0,3,39.3
2024-02-18,457.69,65,7.04,Sunday,True,2,2024,16.4,9.2,0.0,3,31.5
2024-02-19,313.51,39,8.04,Monday,False,2,2024,16.0,10.6,0.0,3,37.9
2024-02-20,397.07,49,8.1,Tuesday,False,2,2024,13.8,9.0,0.0,3,42.1
2024-02-21,368.79,47,7.85,Wednesday,False,2,2024,15.9,6.5,0.0,3,28.2
2024-02-22,357.2,51,7.0,Thursday,False,2,2024,13.8,9.2,6.6,61,27.6
2024-02-23,408.82,53,7.71,Friday,False,2,2024,12.4,5.2,0.4,51,18.4
2024-02-24,485.68,67,7.25,Saturday,True,2,2024,11.7,3.2,0.1,51,16.3
2024-02-25,481.77,72,6.69,Sunday,True,2,2024,12.9,1.7,9.9,61,27.6
2024-02-26,351.03,42,8.36,Monday,False,2,2024,14.1,7.0,12.0,63,16.4
2024-02-27,372.32,55,6.77,Tuesday,False,2,2024,11.8,4.6,0.1,51,43.2
2024-02-28,398.02,47,8.47,Wednesday,False,2,2024,11.4,7.8,0.0,3,40.8
2024-02-29,423.87,57,7.44,Thursday,False,2,2024,14.9,6.4,0.0,3,39.6
2024-03-01,365.76,53,6.9,Friday,False,3,2024,14.6,5.0,0.0,3,28.9
2024-03-02,437.59,58,7.54,Saturday,True,3,2024,15.2,6.6,5.9,63,38.0
2024-03-03,400.84,49,8.18,Sunday,True,3,2024,10.2,3.4,50.5,71,40.3
2024-03-04,337.33,42,8.03,Monday,False,3,2024,11.8,5.2,2.3,71,39.5
2024-03-05,417.76,51,8.19,Tuesday,False,3,2024,13.9,5.2,1.9,55,21.7
2024-03-06,439.59,56,7.85,Wednesday,False,3,2024,12.4,3.8,0.0,2,27.2
2024-03-07,382.54,49,7.81,Thursday,False,3,2024,14.7,3.2,0.0,3,24.0
2024-03-08,425.65,52,8.19,Friday,False,3,2024,11.7,5.7,6.8,61,41.2
2024-03-09,460.05,66,6.97,Saturday,True,3,2024,12.0,8.6,31.4,63,42.5
2024-03-10,419.87,56,7.5,Sunday,True,3,2024,13.6,6.8,41.2,65,36.4
2024-03-11,400.21,58,6.9,Monday,False,3,2024,12.9,6.6,3.0,61,21.1
2024-03-12,447.36,53,8.44,Tuesday,False,3,2024,14.4,7.0,0.0,3,27.8
2024-03-13,384.48,46,8.36,Wednesday,False,3,2024,17.9,9.6,0.0,3,32.1
2024-03-14,448.59,68,6.6,Thursday,False,3,2024,17.1,6.7,0.0,3,14.5
2024-03-15,281.29,36,7.81,Friday,False,3,2024,18.6,7.3,0.0,3,8.4
2024-03-16,479.04,57,8.4,Saturday,True,3,2024,18.8,8.7,0.0,3,26.1
2024-03-17,449.73,66,6.81,Sunday,True,3,2024,18.6,9.3,0.0,3,24.5
2024-03-18,374.37,49,7.64,Monday,False,3,2024,20.9,10.3,1.6,61,24.5
2024-03-19,390.08,47,8.3,Tuesday,False,3,2024,20.1,10.8,0.0,3,25.3
2024-03-20,306.99,47,6.53,Wednesday,False,3,2024,19.0,7.8,0.0,3,19.2
2024-03-21,377.79,48,7.87,Thursday,False,3,2024,21.9,7.4,0.0,3,26.7
2024-03-22,400.94,57,7.03,Friday,False,3,2024,22.2,11.6,0.0,3,27.0
2024-03-23,505.86,61,8.29,Saturday,True,3,2024,18.2,9.9,0.6,53,26.3
2024-03-24,426.09,50,8.52,Sunday,True,3,2024,13.6,7.8,0.0,3,25.7
2024-03-25,354.56,42,8.44,Monday,False,3,2024,17.1,5.0,4.0,61,27.0
2024-03-26,366.92,49,7.49,Tuesday,False,3,2024,15.1,8.2,12.4,61,36.7
2024-03-27,423.68,52,8.15,Wednesday,False,3,2024,13.1,6.3,18.4,63,31.9
2024-03-28,400.3,49,8.17,Thursday,False,3,2024,15.4,8.6,0.7,51,29.8
2024-03-29,366.04,51,7.18,Friday,False,3,2024,19.6,12.2,1.3,55,39.3
2024-03-30,467.85,57,8.21,Saturday,True,3,2024,18.4,11.8,12.0,63,36.2
2024-03-31,451.28,69,6.54,Sunday,True,3,2024,16.6,11.3,32.7,63,40.0
2024-04-01,426.23,55,7.75,Monday,False,4,2024,16.6,6.4,2.4,61,33.7
2024-04-02,359.48,52,6.91,Tuesday,False,4,2024,16.9,7.1,4.2,63,13.9
2024-04-03,374.54,56,6.69,Wednesday,False,4,2024,19.4,10.6,0.9,51,17.1
2024-04-04,372.04,56,6.64,Thursday,False,4,2024,20.9,8.2,0.0,3,17.3
2024-04-05,329.27,42,7.84,Friday,False,4,2024,20.5,9.8,0.0,3,24.3
2024-04-06,459.74,64,7.18,Saturday,True,4,2024,22.6,9.2,0.0,3,18.0
2024-04-07,458.41,58,7.9,Sunday,True,4,2024,24.0,9.1,0.0,3,13.7
2024-04-08,388.26,59,6.58,Monday,False,4,2024,25.1,9.1,0.8,53,27.4
2024-04-09,378.75,53,7.15,Tuesday,False,4,2024,16.3,9.9,11.2,63,34.8
2024-04-10,331.6,44,7.54,Wednesday,False,4,2024,14.6,8.9,0.0,1,48.6
2024-04-11,371.48,46,8.08,Thursday,False,4,2024,19.0,9.4,0.0,3,41.1
2024-04-12,374.67,52,7.21,Friday,False,4,2024,23.8,12.4,0.0,1,30.2
2024-04-13,416.37,54,7.71,Saturday,True,4,2024,26.8,14.1,0.0,3,26.3
2024-04-14,442.1,53,8.34,Sunday,True,4,2024,26.5,9.3,0.0,3,15.2
2024-04-15,404.79,52,7.78,Monday,False,4,2024,24.6,10.5,0.0,3,24.4
2024-04-16,464.16,67,6.93,Tuesday,False,4,2024,16.9,10.9,0.0,3,35.7
2024-04-17,395.78,60,6.6,Wednesday,False,4,2024,14.6,7.8,0.0,3,29.5
2024-04-18,399.18,48,8.32,Thursday,False,4,2024,12.6,6.6,0.0,3,41.6
2024-04-19,385.98,59,6.54,Friday,False,4,2024,16.5,6.3,0.0,0,33.0
2024-04-20,372.29,45,8.27,Saturday,True,4,2024,12.9,9.1,0.0,1,44.3
2024-04-21,448.06,59,7.59,Sunday,True,4,2024,13.9,6.3,0.0,1,41.0
2024-04-22,391.61,47,8.33,Monday,False,4,2024,11.4,4.6,0.0,1,44.0
2024-04-23,487.82,60,8.13,Tuesday,False,4,2024,12.6,5.7,0.0,3,45.8
2024-04-24,381.68,45,8.48,Wednesday,False,4,2024,14.3,6.7,0.0,3,38.4
2024-04-25,401.51,56,7.17,Thursday,False,4,2024,16.1,5.9,0.0,3,22.1
2024-04-26,388.15,48,8.09,Friday,False,4,2024,14.6,9.1,9.7,61,23.5
2024-04-27,402.87,55,7.32,Saturday,True,4,2024,19.5,10.5,2.5,61,38.2
2024-04-28,495.41,66,7.51,Sunday,True,4,2024,16.1,13.2,24.9,63,32.2
2024-04-29,419.86,54,7.78,Monday,False,4,2024,19.0,10.8,5.0,55,18.5
2024-04-30,421.5,51,8.26,Tuesday,False,4,2024,19.2,10.6,10.3,63,16.6
2024-05-01,353.57,42,8.42,Wednesday,False,5,2024,16.5,13.1,23.6,63,15.5
2024-05-02,446.14,56,7.97,Thursday,False,5,2024,13.2,9.1,21.6,63,17.6
2024-05-03,334.04,46,7.26,Friday,False,5,2024,18.9,7.2,0.2,51,17.6
2024-05-04,473.67,65,7.29,Saturday,True,5,2024,20.0,9.3,0.0,3,15.2
2024-05-05,537.89,67,8.03,Sunday,True,5,2024,21.5,9.6,0.0,3,22.5
2024-05-06,350.73,50,7.01,Monday,False,5,2024,15.4,12.4,12.8,61,21.7
2024-05-07,367.79,55,6.69,Tuesday,False,5,2024,18.4,9.2,1.5,55,27.3
2024-05-08,394.51,55,7.17,Wednesday,False,5,2024,20.5,13.1,0.0,3,38.9
2024-05-09,370.46,52,7.12,Thursday,False,5,2024,22.2,12.8,0.0,0,33.9
2024-05-10,328.66,46,7.14,Friday,False,5,2024,24.9,12.5,0.0,0,20.4
2024-05-11,453.51,65,6.98,Saturday,True,5,2024,25.2,10.6,0.0,0,16.5
2024-05-12,408.36,62,6.59,Sunday,True,5,2024,23.1,11.6,0.4,51,11.6
2024-05-13,409.88,63,6.51,Monday,False,5,2024,23.6,13.1,0.2,51,19.1
2024-05-14,354.24,42,8.43,Tuesday,False,5,2024,18.1,14.1,30.2,63,15.8
2024-05-15,453.09,62,7.31,Wednesday,False,5,2024,18.9,12.7,35.7,63,21.5
2024-05-16,359.85,50,7.2,Thursday,False,5,2024,19.5,10.7,10.5,63,18.0
2024-05-17,378.38,48,7.88,Friday,False,5,2024,21.2,8.7,3.7,63,16.9
2024-05-18,483.88,70,6.91,Saturday,True,5,2024,20.5,11.4,1.6,53,17.8
2024-05-19,402.19,48,8.38,Sunday,True,5,2024,23.3,11.4,0.0,3,13.7
2024-05-20,400.61,50,8.01,Monday,False,5,2024,22.5,11.6,0.2,51,15.6
2024-05-21,443.87,66,6.73,Tuesday,False,5,2024,21.5,12.1,0.3,51,17.3
2024-05-22,327.37,45,7.27,Wednesday,False,5,2024,22.1,12.6,0.0,3,14.3
2024-05-23,399.14,48,8.32,Thursday,False,5,2024,21.5,13.1,0.9,51,20.8
2024-05-24,402.23,48,8.38,Friday,False,5,2024,20.8,12.9,0.3,51,15.5
2024-05-25,483.19,65,7.43,Saturday,True,5,2024,23.4,11.5,0.0,3,16.3
2024-05-26,402.52,52,7.74,Sunday,True,5,2024,25.0,11.7,0.0,3,16.8
2024-05-27,339.26,50,6.79,Monday,False,5,2024,18.7,15.9,24.3,63,18.4
2024-05-28,413.04,49,8.43,Tuesday,False,5,2024,22.7,14.4,0.0,3,33.1
2024-05-29,404.13,58,6.97,Wednesday,False,5,2024,23.3,16.4,0.0,3,25.1
2024-05-30,402.35,48,8.38,Thursday,False,5,2024,25.1,16.3,1.1,53,25.7
2024-05-31,406.27,52,7.81,Friday,False,5,2024,21.0,13.0,0.0,2,30.7
2024-06-01,485.29,63,7.7,Saturday,True,6,2024,21.2,13.6,6.7,63,32.7
2024-06-02,521.87,69,7.56,Sunday,True,6,2024,21.0,14.9,0.4,51,32.8
2024-06-03,464.38,67,6.93,Monday,False,6,2024,22.2,16.2,0.0,2,36.7
2024-06-04,424.17,62,6.84,Tuesday,False,6,2024,25.0,14.8,0.2,51,29.4
2024-06-05,527.45,76,6.94,Wednesday,False,6,2024,27.8,14.5,0.0,3,19.9
2024-06-06,471.86,69,6.84,Thursday,False,6,2024,27.8,15.1,0.0,3,17.6
2024-06-07,405.33,50,8.11,Friday,False,6,2024,27.9,15.9,0.0,3,12.0
2024-06-08,539.33,75,7.19,Saturday,True,6,2024,30.0,16.5,0.1,51,15.5
2024-06-09,474.16,72,6.59,Sunday,True,6,2024,27.2,18.8,12.4,63,21.7
2024-06-10,484.72,57,8.5,Monday,False,6,2024,24.1,16.3,0.0,2,32.6
2024-06-11,499.66,60,8.33,Tuesday,False,6,2024,23.2,16.1,0.0,1,30.4
2024-06-12,420.57,50,8.41,Wednesday,False,6,2024,21.9,14.3,0.0,3,36.2
2024-06-13,492.01,58,8.48,Thursday,False,6,2024,24.1,13.9,0.0,3,26.7
2024-06-14,470.07,69,6.81,Friday,False,6,2024,24.1,15.4,1.6,53,24.7
2024-06-15,546.53,75,7.29,Saturday,True,6,2024,23.3,18.0,4.5,61,18.7
2024-06-16,589.6,74,7.97,Sunday,True,6,2024,27.5,13.8,0.0,3,18.5
2024-06-17,443.99,56,7.93,Monday,False,6,2024,27.0,15.0,0.0,3,22.4
2024-06-18,423.74,62,6.83,Tuesday,False,6,2024,31.2,14.3,0.0,3,18.4
2024-06-19,418.39,51,8.2,Wednesday,False,6,2024,30.9,16.2,0.2,51,27.2
2024-06-20,421.42,61,6.91,Thursday,False,6,2024,25.0,19.5,14.1,63,19.0
2024-06-21,451.05,65,6.94,Friday,False,6,2024,26.1,18.0,4.6,61,16.4
2024-06-22,527.87,70,7.54,Saturday,True,6,2024,25.4,17.5,0.3,51,23.7
2024-06-23,525.37,68,7.73,Sunday,True,6,2024,24.2,16.4,0.0,2,41.4
2024-06-24,487.47,64,7.62,Monday,False,6,2024,27.2,17.2,0.0,3,30.0
2024-06-25,454.99,68,6.69,Tuesday,False,6,2024,26.8,16.5,0.2,51,16.6
2024-06-26,512.69,62,8.27,Wednesday,False,6,2024,28.2,18.4,0.8,53,18.0
2024-06-27,444.04,63,7.05,Thursday,False,6,2024,32.5,18.0,0.0,3,11.5
2024-06-28,563.52,83,6.79,Friday,False,6,2024,34.0,19.9,0.0,3,20.4
2024-06-29,539.82,65,8.3,Saturday,True,6,2024,31.2,18.7,2.1,53,38.4
2024-06-30,480.59,57,8.43,Sunday,True,6,2024,28.4,18.0,0.3,51,19.5
2024-07-01,412.12,50,8.24,Monday,False,7,2024,27.4,19.7,0.0,3,32.5
2024-07-02,474.34,58,8.18,Tuesday,False,7,2024,24.8,18.4,0.0,3,37.9
2024-07-03,446.18,57,7.83,Wednesday,False,7,2024,25.4,17.1,0.0,3,28.5
2024-07-04,483.77,64,7.56,Thursday,False,7,2024,28.0,17.9,0.0,0,26.9
2024-07-05,474.22,71,6.68,Friday,False,7,2024,31.1,19.8,0.0,3,25.9
2024-07-06,512.46,70,7.32,Saturday,True,7,2024,28.8,19.3,1.5,51,20.3
2024-07-07,481.58,66,7.3,Sunday,True,7,2024,27.5,16.2,4.1,63,29.9
2024-07-08,394.94,56,7.05,Monday,False,7,2024,31.2,17.7,0.0,2,22.1
2024-07-09,437.76,55,7.96,Tuesday,False,7,2024,31.0,17.5,0.0,3,19.2
2024-07-10,489.95,65,7.54,Wednesday,False,7,2024,32.5,17.6,0.0,1,18.3
2024-07-11,464.34,70,6.63,Thursday,False,7,2024,35.2,20.0,0.0,3,19.6
2024-07-12,406.03,59,6.88,Friday,False,7,2024,30.4,21.2,7.4,63,26.2
2024-07-13,522.87,66,7.92,Saturday,True,7,2024,27.2,17.6,0.0,3,26.6
2024-07-14,531.44,80,6.64,Sunday,True,7,2024,31.6,18.0,0.0,3,18.4
2024-07-15,420.76,51,8.25,Monday,False,7,2024,30.2,18.5,0.0,3,21.0
2024-07-16,462.34,62,7.46,Tuesday,False,7,2024,31.5,20.6,0.0,2,21.7
2024-07-17,458.6,61,7.52,Wednesday,False,7,2024,30.1,20.8,0.0,3,33.5
2024-07-18,410.64,53,7.75,Thursday,False,7,2024,34.7,20.8,0.0,1,24.2
2024-07-19,470.75,58,8.12,Friday,False,7,2024,34.3,19.2,0.0,3,15.5
2024-07-20,538.95,75,7.19,Saturday,True,7,2024,36.6,22.5,0.0,2,25.0
2024-07-21,559.92,71,7.89,Sunday,True,7,2024,25.1,20.6,20.8,63,21.5
2024-07-22,498.84,65,7.67,Monday,False,7,2024,28.6,21.2,0.0,1,37.6
2024-07-23,401.66,57,7.05,Tuesday,False,7,2024,30.3,19.8,0.0,0,39.4
2024-07-24,419.34,51,8.22,Wednesday,False,7,2024,29.7,21.5,0.0,3,35.9
2024-07-25,477.53,59,8.09,Thursday,False,7,2024,31.5,19.8,0.0,2,35.1
2024-07-26,477.57,61,7.83,Friday,False,7,2024,34.6,21.1,0.0,0,19.8
2024-07-27,537.7,66,8.15,Saturday,True,7,2024,32.7,19.1,0.0,3,21.0
2024-07-28,671.29,82,8.19,Sunday,True,7,2024,34.5,19.4,0.0,1,20.2
2024-07-29,480.1,61,7.87,Monday,False,7,2024,37.3,23.2,0.0,1,22.6
2024-07-30,502.77,62,8.11,Tuesday,False,7,2024,36.7,20.3,0.0,3,17.3
2024-07-31,495.58,63,7.87,Wednesday,False,7,2024,35.8,21.8,0.0,3,18.6
2024-08-01,483.56,62,7.8,Thursday,False,8,2024,36.7,20.5,0.0,1,25.7
2024-08-02,444.98,58,7.67,Friday,False,8,2024,34.6,24.6,0.0,3,28.4
2024-08-03,548.03,68,8.06,Saturday,True,8,2024,32.3,22.9,0.0,3,36.5
2024-08-04,486.84,71,6.86,Sunday,True,8,2024,31.9,22.0,0.0,3,34.9
2024-08-05,448.36,54,8.3,Monday,False,8,2024,33.5,21.1,0.0,1,31.1
2024-08-06,438.5,53,8.27,Tuesday,False,8,2024,36.4,22.4,0.0,2,19.6
2024-08-07,461.27,70,6.59,Wednesday,False,8,2024,33.7,21.0,0.0,3,17.1
2024-08-08,550.67,68,8.1,Thursday,False,8,2024,33.4,22.5,0.0,2,27.3
2024-08-09,383.47,57,6.73,Friday,False,8,2024,34.5,22.4,0.0,2,29.2
2024-08-10,545.7,76,7.18,Saturday,True,8,2024,35.8,24.1,0.0,3,29.7
2024-08-11,453.82,57,7.96,Sunday,True,8,2024,36.5,22.0,0.0,3,21.4
2024-08-12,439.53,64,6.87,Monday,False,8,2024,35.0,22.0,0.0,1,17.7
2024-08-13,502.05,62,8.1,Tuesday,False,8,2024,33.4,20.4,0.1,51,20.7
2024-08-14,461.15,56,8.23,Wednesday,False,8,2024,31.1,22.0,10.5,63,26.4
2024-08-15,415.55,55,7.56,Thursday,False,8,2024,29.8,21.2,19.1,63,27.3
2024-08-16,430.13,66,6.52,Friday,False,8,2024,30.6,21.3,0.4,51,16.6
2024-08-17,546.01,77,7.09,Saturday,True,8,2024,32.5,21.0,2.7,63,15.9
2024-08-18,489.69,63,7.77,Sunday,True,8,2024,27.8,19.8,0.0,3,36.2
2024-08-19,467.64,55,8.5,Monday,False,8,2024,26.8,18.7,0.0,3,42.0
2024-08-20,460.89,59,7.81,Tuesday,False,8,2024,31.4,20.0,0.0,0,31.1
2024-08-21,433.09,62,6.99,Wednesday,False,8,2024,27.9,21.5,0.0,0,34.5
2024-08-22,544.99,70,7.79,Thursday,False,8,2024,32.2,17.2,0.0,0,30.9
2024-08-23,484.67,64,7.57,Friday,False,8,2024,33.1,14.9,0.0,0,17.0
2024-08-24,438.39,54,8.12,Saturday,True,8,2024,31.0,18.0,0.0,3,23.5
2024-08-25,526.94,78,6.76,Sunday,True,8,2024,26.6,18.8,4.7,63,33.9
2024-08-26,433.09,54,8.02,Monday,False,8,2024,26.9,17.5,0.0,3,39.6
2024-08-27,493.74,65,7.6,Tuesday,False,8,2024,32.2,18.1,0.0,2,34.8
2024-08-28,428.03,51,8.39,Wednesday,False,8,2024,33.5,19.4,0.0,1,18.4
2024-08-29,455.22,63,7.23,Thursday,False,8,2024,33.8,19.6,0.0,3,16.1
2024-08-30,480.09,62,7.74,Friday,False,8,2024,33.2,19.1,0.0,3,13.9
2024-08-31,554.6,66,8.4,Saturday,True,8,2024,33.8,18.4,0.0,3,16.7
2024-09-01,412.04,61,6.75,Sunday,True,9,2024,32.8,18.0,0.0,3,22.0
2024-09-02,386.76,46,8.41,Monday,False,9,2024,31.8,19.2,0.9,53,14.6
2024-09-03,381.22,48,7.94,Tuesday,False,9,2024,30.8,18.7,1.4,53,21.4
2024-09-04,374.17,56,6.68,Wednesday,False,9,2024,27.5,18.8,40.4,65,17.8
2024-09-05,471.0,66,7.14,Thursday,False,9,2024,23.6,17.5,9.0,63,14.9
2024-09-06,416.67,53,7.86,Friday,False,9,2024,26.4,14.2,0.0,3,19.2
2024-09-07,410.11,62,6.61,Saturday,True,9,2024,29.5,17.0,14.0,65,35.4
2024-09-08,497.34,65,7.65,Sunday,True,9,2024,23.2,17.6,11.7,61,18.5
2024-09-09,485.6,68,7.14,Monday,False,9,2024,23.8,15.3,0.0,2,23.4
2024-09-10,442.09,57,7.76,Tuesday,False,9,2024,22.1,16.2,0.0,2,36.1
2024-09-11,340.1,52,6.54,Wednesday,False,9,2024,23.8,15.8,3.5,53,29.4
2024-09-12,381.59,46,8.3,Thursday,False,9,2024,18.4,12.9,1.2,53,36.0
2024-09-13,451.72,53,8.52,Friday,False,9,2024,17.9,11.6,0.0,1,41.8
2024-09-14,432.82,51,8.49,Saturday,True,9,2024,18.9,12.1,0.0,1,49.8
2024-09-15,478.96,60,7.98,Sunday,True,9,2024,18.6,11.1,0.0,1,46.0
2024-09-16,432.27,64,6.75,Monday,False,9,2024,20.5,13.2,0.0,3,45.1
2024-09-17,364.29,45,8.1,Tuesday,False,9,2024,20.5,14.2,0.4,51,41.1
2024-09-18,399.07,61,6.54,Wednesday,False,9,2024,23.6,12.1,0.0,3,16.8
2024-09-19,271.88,42,6.47,Thursday,False,9,2024,24.4,13.2,0.0,3,12.0
2024-09-20,360.64,50,7.21,Friday,False,9,2024,23.7,12.9,0.1,51,12.2
2024-09-21,451.6,60,7.53,Saturday,True,9,2024,24.8,14.6,0.3,51,22.1
2024-09-22,411.87,51,8.08,Sunday,True,9,2024,24.6,16.1,38.6,65,22.6
2024-09-23,467.16,59,7.92,Monday,False,9,2024,23.5,15.4,9.3,63,14.8
2024-09-24,344.74,47,7.33,Tuesday,False,9,2024,21.4,13.5,0.4,51,14.4
2024-09-25,384.43,55,6.99,Wednesday,False,9,2024,22.6,12.9,0.1,51,21.0
2024-09-26,407.34,48,8.49,Thursday,False,9,2024,25.8,16.3,1.3,51,34.6
2024-09-27,459.84,63,7.3,Friday,False,9,2024,22.2,14.4,0.2,51,21.6
2024-09-28,404.84,55,7.36,Saturday,True,9,2024,18.5,12.6,0.0,1,33.4
2024-09-29,508.88,75,6.79,Sunday,True,9,2024,20.4,10.1,0.0,3,35.5
2024-09-30,402.85,50,8.06,Monday,False,9,2024,21.4,11.5,0.0,3,9.2
2024-10-01,363.26,46,7.9,Tuesday,False,10,2024,24.6,13.8,0.0,3,20.4
2024-10-02,421.09,61,6.9,Wednesday,False,10,2024,19.5,15.4,0.5,51,27.3
2024-10-03,410.65,62,6.62,Thursday,False,10,2024,19.0,13.0,0.0,3,40.2
2024-10-04,378.76,48,7.89,Friday,False,10,2024,16.4,11.8,0.0,2,40.7
2024-10-05,465.64,60,7.76,Saturday,True,10,2024,18.8,9.9,0.0,3,31.1
2024-10-06,447.52,64,6.99,Sunday,True,10,2024,15.4,8.5,2.0,53,8.8
2024-10-07,407.55,49,8.32,Monday,False,10,2024,23.9,14.2,4.4,55,33.8
2024-10-08,429.58,63,6.82,Tuesday,False,10,2024,19.9,13.9,25.9,63,28.7
2024-10-09,466.62,63,7.41,Wednesday,False,10,2024,23.2,14.2,2.5,55,39.7
2024-10-10,353.75,42,8.42,Thursday,False,10,2024,20.5,14.4,5.0,63,21.6
2024-10-11,488.66,67,7.29,Friday,False,10,2024,19.4,12.1,0.0,1,22.7
2024-10-12,385.34,50,7.71,Saturday,True,10,2024,19.7,8.1,5.0,61,22.2
2024-10-13,457.44,63,7.26,Sunday,True,10,2024,21.4,15.1,0.2,51,15.6
2024-10-14,427.12,61,7.0,Monday,False,10,2024,20.4,13.1,1.1,53,7.1
2024-10-15,414.91,49,8.47,Tuesday,False,10,2024,23.6,14.8,1.8,61,23.7
2024-10-16,378.85,52,7.29,Wednesday,False,10,2024,23.5,18.2,17.4,65,35.9
2024-10-17,395.51,48,8.24,Thursday,False,10,2024,23.5,16.4,68.2,65,33.1
2024-10-18,384.2,55,6.99,Friday,False,10,2024,18.6,12.7,4.8,63,21.1
2024-10-19,440.43,64,6.88,Saturday,True,10,2024,20.6,12.2,0.1,51,23.5
2024-10-20,498.07,76,6.55,Sunday,True,10,2024,22.0,14.4,0.0,3,29.9
2024-10-21,418.45,54,7.75,Monday,False,10,2024,23.1,11.4,0.1,51,11.5
2024-10-22,376.53,52,7.24,Tuesday,False,10,2024,22.6,14.1,3.5,55,24.2
2024-10-23,440.31,54,8.15,Wednesday,False,10,2024,21.4,13.7,0.0,3,25.3
2024-10-24,416.7,56,7.44,Thursday,False,10,2024,20.5,12.3,16.3,63,14.9
2024-10-25,437.01,52,8.4,Friday,False,10,2024,21.4,15.4,18.2,63,22.7
2024-10-26,489.76,71,6.9,Saturday,True,10,2024,21.1,15.6,19.5,63,20.6
2024-10-27,431.5,52,8.3,Sunday,True,10,2024,21.2,13.6,23.9,65,14.7
2024-10-28,382.33,47,8.13,Monday,False,10,2024,21.5,13.5,0.0,3,13.2
2024-10-29,434.71,54,8.05,Tuesday,False,10,2024,22.1,12.3,0.0,3,10.6
2024-10-30,429.32,52,8.26,Wednesday,False,10,2024,21.9,12.5,0.0,1,11.9
2024-10-31,404.15,50,8.08,Thursday,False,10,2024,21.4,12.3,0.0,2,14.7
2024-11-01,409.76,53,7.73,Friday,False,11,2024,21.3,11.1,0.0,3,12.3
2024-11-02,516.26,76,6.79,Saturday,True,11,2024,19.0,10.4,0.0,1,17.5
2024-11-03,441.57,67,6.59,Sunday,True,11,2024,18.9,9.4,0.0,2,15.1
2024-11-04,427.2,51,8.38,Monday,False,11,2024,19.2,8.2,0.0,0,7.1
2024-11-05,397.31,51,7.79,Tuesday,False,11,2024,18.0,10.4,0.5,51,8.4
2024-11-06,396.77,49,8.1,Wednesday,False,11,2024,18.2,10.1,0.9,53,9.5
2024-11-07,449.51,60,7.49,Thursday,False,11,2024,18.6,10.9,3.9,61,10.6
2024-11-08,438.66,65,6.75,Friday,False,11,2024,18.0,10.0,0.0,3,12.3
2024-11-09,498.27,74,6.73,Saturday,True,11,2024,18.0,12.2,0.6,51,11.8
2024-11-10,518.03,66,7.85,Sunday,True,11,2024,17.0,12.1,0.0,3,36.2
2024-11-11,406.73,55,7.4,Monday,False,11,2024,13.2,9.6,0.0,3,42.3
2024-11-12,433.25,63,6.88,Tuesday,False,11,2024,11.4,7.8,8.1,61,40.3
2024-11-13,393.64,53,7.43,Wednesday,False,11,2024,11.6,6.4,0.0,3,33.7
2024-11-14,419.1,63,6.65,Thursday,False,11,2024,10.1,6.1,0.0,3,39.0
2024-11-15,401.01,52,7.71,Friday,False,11,2024,13.3,5.2,0.0,0,21.3
2024-11-16,470.18,67,7.02,Saturday,True,11,2024,10.4,2.2,0.1,51,7.5
2024-11-17,490.19,61,8.04,Sunday,True,11,2024,15.1,7.3,0.0,3,28.6
2024-11-18,373.74,52,7.19,Monday,False,11,2024,13.9,8.1,0.0,3,29.6
2024-11-19,490.24,66,7.43,Tuesday,False,11,2024,15.2,7.3,0.0,3,19.6
2024-11-20,366.39,56,6.54,Wednesday,False,11,2024,13.9,6.8,1.1,53,24.2
2024-11-21,358.14,54,6.63,Thursday,False,11,2024,12.6,4.4,4.2,61,25.7
2024-11-22,453.12,62,7.31,Friday,False,11,2024,10.9,2.5,0.1,51,27.4
2024-11-23,498.54,67,7.44,Saturday,True,11,2024,10.8,-1.1,0.0,3,15.3
2024-11-24,491.92,64,7.69,Sunday,True,11,2024,15.9,10.6,1.4,53,22.8
2024-11-25,432.17,61,7.08,Monday,False,11,2024,16.4,13.2,0.4,51,29.7
2024-11-26,406.63,52,7.82,Tuesday,False,11,2024,15.0,9.7,11.4,63,26.1
2024-11-27,371.32,45,8.25,Wednesday,False,11,2024,14.5,7.0,0.0,3,17.4
2024-11-28,410.32,51,8.05,Thursday,False,11,2024,15.5,3.9,0.0,3,24.2
2024-11-29,380.28,58,6.56,Friday,False,11,2024,13.1,5.8,0.0,3,30.5
2024-11-30,506.46,68,7.45,Saturday,True,11,2024,11.9,3.0,0.0,3,10.4
2024-12-01,461.65,69,6.69,Sunday,True,12,2024,13.3,4.8,0.0,3,8.0
2024-12-02,374.6,54,6.94,Monday,False,12,2024,13.1,4.6,0.3,51,11.4
2024-12-03,394.84,47,8.4,Tuesday,False,12,2024,11.2,6.6,0.0,3,28.4
2024-12-04,424.3,63,6.73,Wednesday,False,12,2024,9.0,5.4,0.0,3,41.3
2024-12-05,385.31,51,7.56,Thursday,False,12,2024,9.6,4.3,0.0,3,33.8
2024-12-06,375.06,48,7.81,Friday,False,12,2024,13.6,4.7,0.1,51,29.8
2024-12-07,477.77,60,7.96,Saturday,True,12,2024,9.8,6.1,2.4,61,24.4
2024-12-08,477.91,63,7.59,Sunday,True,12,2024,10.0,3.5,0.4,51,20.0
2024-12-09,387.91,60,6.47,Monday,False,12,2024,9.4,5.2,0.0,3,29.9
2024-12-10,389.43,54,7.21,Tuesday,False,12,2024,8.4,3.6,0.0,3,27.0
2024-12-11,417.64,55,7.59,Wednesday,False,12,2024,8.4,2.9,0.1,51,20.9
2024-12-12,350.51,53,6.61,Thursday,False,12,2024,8.6,1.5,0.0,3,20.5
2024-12-13,352.22,49,7.19,Friday,False,12,2024,5.6,0.9,9.1,63,18.6
2024-12-14,439.86,67,6.57,Saturday,True,12,2024,10.9,4.0,0.8,51,14.8
2024-12-15,460.15,69,6.67,Sunday,True,12,2024,9.2,4.5,0.0,2,34.5
2024-12-16,421.2,58,7.26,Monday,False,12,2024,11.5,2.9,0.0,2,33.4
2024-12-17,467.86,69,6.78,Tuesday,False,12,2024,13.2,0.5,0.0,3,9.0
2024-12-18,443.24,58,7.64,Wednesday,False,12,2024,12.3,4.9,0.0,3,7.0
2024-12-19,402.62,51,7.89,Thursday,False,12,2024,12.4,4.7,1.1,53,27.4
2024-12-20,408.34,50,8.17,Friday,False,12,2024,8.6,4.7,0.0,3,34.5
2024-12-21,429.08,62,6.92,Saturday,True,12,2024,11.5,4.0,0.0,3,25.1
2024-12-22,468.52,69,6.79,Sunday,True,12,2024,15.2,3.8,0.4,51,27.3
2024-12-23,397.8,59,6.74,Monday,False,12,2024,8.9,2.2,0.0,3,30.8
2024-12-24,422.33,54,7.82,Tuesday,False,12,2024,8.4,4.2,0.0,2,36.7
2024-12-25,376.42,48,7.84,Wednesday,False,12,2024,9.6,4.4,0.0,1,38.4
2024-12-26,430.36,66,6.52,Thursday,False,12,2024,10.1,2.0,0.0,1,18.5
2024-12-27,470.98,56,8.41,Friday,False,12,2024,8.9,-1.0,0.0,0,11.1
2024-12-28,465.4,70,6.65,Saturday,True,12,2024,10.9,0.0,0.0,0,16.0
2024-12-29,485.9,64,7.59,Sunday,True,12,2024,10.1,2.5,0.0,1,19.8
2024-12-30,437.52,55,7.95,Monday,False,12,2024,8.1,-0.9,0.0,1,17.6
2024-12-31,393.95,48,8.21,Tuesday,False,12,2024,7.1,-2.5,0.0,3,6.5
2025-01-01,419.05,53,7.91,Wednesday,False,1,2025,8.6,0.6,0.0,3,6.3
2025-01-02,410.67,51,8.05,Thursday,False,1,2025,12.0,1.4,0.8,51,12.0
2025-01-03,414.15,58,7.14,Friday,False,1,2025,8.4,2.8,0.1,51,31.1
2025-01-04,439.41,54,8.14,Saturday,True,1,2025,6.2,0.3,0.1,51,30.2
2025-01-05,471.39,71,6.64,Sunday,True,1,2025,13.9,5.9,0.7,51,25.1
2025-01-06,430.41,52,8.28,Monday,False,1,2025,14.5,10.2,17.5,63,30.7
2025-01-07,468.62,62,7.56,Tuesday,False,1,2025,12.8,4.7,0.2,51,13.3
2025-01-08,449.03,55,8.16,Wednesday,False,1,2025,15.9,6.7,0.0,3,14.1
2025-01-09,496.87,67,7.42,Thursday,False,1,2025,15.2,6.3,0.9,53,24.9
2025-01-10,380.13,49,7.76,Friday,False,1,2025,8.8,4.9,0.0,3,25.7
2025-01-11,505.8,67,7.55,Saturday,True,1,2025,9.2,2.2,0.2,51,40.4
2025-01-12,478.32,60,7.97,Sunday,True,1,2025,4.7,0.5,0.0,2,43.7
2025-01-13,498.66,75,6.65,Monday,False,1,2025,4.0,-0.7,0.0,0,38.4
2025-01-14,378.82,57,6.65,Tuesday,False,1,2025,5.8,-0.7,0.0,3,28.7
2025-01-15,377.64,54,6.99,Wednesday,False,1,2025,6.4,0.0,0.0,2,43.6
2025-01-16,387.34,57,6.8,Thursday,False,1,2025,7.6,0.6,0.0,3,24.8
2025-01-17,326.44,40,8.16,Friday,False,1,2025,8.8,0.8,0.0,0,25.8
2025-01-18,450.45,65,6.93,Saturday,True,1,2025,7.8,-0.9,0.0,3,20.1
2025-01-19,441.2,52,8.48,Sunday,True,1,2025,10.0,0.2,0.0,3,12.4
2025-01-20,417.66,58,7.2,Monday,False,1,2025,8.5,0.1,2.8,55,8.0
2025-01-21,425.4,62,6.86,Tuesday,False,1,2025,13.4,1.1,0.4,51,14.4
2025-01-22,486.86,60,8.11,Wednesday,False,1,2025,13.4,8.9,10.2,63,22.3
2025-01-23,449.91,58,7.76,Thursday,False,1,2025,13.5,7.9,2.7,53,19.8
2025-01-24,388.9,52,7.48,Friday,False,1,2025,13.2,1.2,0.4,51,18.4
2025-01-25,436.12,57,7.65,Saturday,True,1,2025,17.5,11.4,7.0,63,31.0
2025-01-26,491.81,62,7.93,Sunday,True,1,2025,12.1,4.4,5.5,63,23.8
2025-01-27,359.41,52,6.91,Monday,False,1,2025,16.8,11.4,8.0,55,26.8
2025-01-28,485.56,57,8.52,Tuesday,False,1,2025,12.4,7.7,5.7,61,22.0
2025-01-29,459.56,54,8.51,Wednesday,False,1,2025,13.4,3.9,0.5,51,18.8
2025-01-30,393.7,50,7.87,Thursday,False,1,2025,13.0,7.6,21.8,63,25.3
2025-01-31,344.02,50,6.88,Friday,False,1,2025,10.1,6.1,1.4,53,27.4
2025-02-01,526.79,67,7.86,Saturday,True,2,2025,8.7,3.7,2.4,53,26.6
2025-02-02,468.13,70,6.69,Sunday,True,2,2025,10.1,3.5,0.0,3,28.6
2025-02-03,462.31,70,6.6,Monday,False,2,2025,9.8,3.5,0.0,2,28.9
2025-02-04,349.1,50,6.98,Tuesday,False,2,2025,10.4,2.2,0.0,2,25.3
2025-02-05,388.98,52,7.48,Wednesday,False,2,2025,9.1,3.0,0.0,1,30.9
2025-02-06,413.25,50,8.27,Thursday,False,2,2025,10.5,1.7,0.0,3,30.5
2025-02-07,415.0,52,7.98,Friday,False,2,2025,11.6,-1.4,0.3,51,25.1
2025-02-08,455.2,57,7.99,Saturday,True,2,2025,10.4,4.4,26.4,63,30.0
2025-02-09,498.2,68,7.33,Sunday,True,2,2025,12.1,3.2,4.3,55,23.5
2025-02-10,370.67,52,7.13,Monday,False,2,2025,13.0,7.6,0.4,51,13.0
2025-02-11,407.76,56,7.28,Tuesday,False,2,2025,12.9,8.4,4.9,55,15.1
2025-02-12,418.35,49,8.54,Wednesday,False,2,2025,14.9,8.3,6.6,61,15.9
2025-02-13,434.19,66,6.58,Thursday,False,2,2025,15.2,8.4,2.8,53,20.1
2025-02-14,442.16,54,8.19,Friday,False,2,2025,9.1,4.1,0.0,2,34.4
2025-02-15,428.8,56,7.66,Saturday,True,2,2025,11.4,0.4,0.0,3,31.9
2025-02-16,412.5,56,7.37,Sunday,True,2,2025,11.4,-1.0,0.0,3,16.0
2025-02-17,465.05,58,8.02,Monday,False,2,2025,13.4,4.4,0.0,3,25.1
2025-02-18,427.32,57,7.5,Tuesday,False,2,2025,13.6,3.7,0.0,3,8.1
2025-02-19,384.17,47,8.17,Wednesday,False,2,2025,13.5,8.1,0.1,51,14.3
2025-02-20,476.24,57,8.36,Thursday,False,2,2025,13.6,6.4,0.2,51,7.7
2025-02-21,418.9,57,7.35,Friday,False,2,2025,14.4,5.6,0.3,51,19.9
2025-02-22,521.53,74,7.05,Saturday,True,2,2025,14.1,11.0,10.3,61,20.6
2025-02-23,477.14,62,7.7,Sunday,True,2,2025,12.9,8.5,9.5,61,15.8
2025-02-24,496.95,60,8.28,Monday,False,2,2025,15.0,5.3,0.0,3,6.2
2025-02-25,484.82,70,6.93,Tuesday,False,2,2025,14.5,9.4,0.6,51,20.7
2025-02-26,404.73,52,7.78,Wednesday,False,2,2025,11.9,6.3,0.0,2,31.8
2025-02-27,453.63,58,7.82,Thursday,False,2,2025,15.1,5.6,0.0,3,22.1
2025-02-28,440.66,55,8.01,Friday,False,2,2025,11.8,6.1,0.0,3,29.7
2025-03-01,529.68,78,6.79,Saturday,True,3,2025,11.1,3.8,24.5,71,27.8
2025-03-02,436.42,55,7.93,Sunday,True,3,2025,14.2,4.2,0.0,3,25.5
2025-03-03,442.54,53,8.35,Monday,False,3,2025,16.0,3.3,0.0,3,11.8
2025-03-04,457.52,67,6.83,Tuesday,False,3,2025,16.9,2.8,0.0,3,8.8
2025-03-05,344.91,49,7.04,Wednesday,False,3,2025,16.6,2.7,0.0,3,10.3
2025-03-06,368.01,44,8.36,Thursday,False,3,2025,17.3,3.9,0.0,3,22.5
2025-03-07,333.86,49,6.81,Friday,False,3,2025,17.0,4.3,0.0,3,13.1
2025-03-08,464.73,57,8.15,Saturday,True,3,2025,18.0,10.0,0.0,3,23.5
2025-03-09,504.29,67,7.53,Sunday,True,3,2025,15.1,10.4,38.0,63,30.4
2025-03-10,475.77,68,7.0,Monday,False,3,2025,15.6,9.3,9.1,63,19.8
2025-03-11,418.72,51,8.21,Tuesday,False,3,2025,14.5,7.2,24.3,63,22.0
2025-03-12,480.98,65,7.4,Wednesday,False,3,2025,15.1,7.4,7.0,61,13.4
2025-03-13,360.71,48,7.51,Thursday,False,3,2025,10.1,4.9,0.2,51,11.5
2025-03-14,347.86,48,7.25,Friday,False,3,2025,7.3,4.2,1.6,53,27.2
2025-03-15,473.86,62,7.64,Saturday,True,3,2025,11.6,4.3,0.2,51,25.7
2025-03-16,491.53,72,6.83,Sunday,True,3,2025,11.6,0.7,0.0,3,12.6
2025-03-17,414.94,57,7.28,Monday,False,3,2025,13.6,3.9,0.0,0,23.9
2025-03-18,333.63,40,8.34,Tuesday,False,3,2025,16.5,2.2,0.2,51,24.3
2025-03-19,412.85,59,7.0,Wednesday,False,3,2025,14.2,5.1,0.1,51,15.3
2025-03-20,364.31,47,7.75,Thursday,False,3,2025,16.3,8.4,0.0,3,9.9
2025-03-21,443.36,62,7.15,Friday,False,3,2025,19.5,9.8,10.9,63,35.9
2025-03-22,491.32,61,8.05,Saturday,True,3,2025,18.0,10.8,15.2,63,31.3
2025-03-23,439.14,65,6.76,Sunday,True,3,2025,15.0,6.2,7.4,61,13.1
2025-03-24,396.27,47,8.43,Monday,False,3,2025,14.9,7.6,4.8,61,8.9
2025-03-25,374.54,51,7.34,Tuesday,False,3,2025,17.9,7.8,0.0,0,25.4
2025-03-26,414.48,59,7.03,Wednesday,False,3,2025,16.3,10.4,0.0,1,32.0
2025-03-27,455.27,68,6.7,Thursday,False,3,2025,15.8,9.8,0.0,3,31.0
2025-03-28,377.72,55,6.87,Friday,False,3,2025,17.0,9.8,0.0,3,32.1
2025-03-29,497.39,66,7.54,Saturday,True,3,2025,14.1,9.4,0.0,3,49.3
2025-03-30,456.1,64,7.13,Sunday,True,3,2025,16.2,8.5,0.0,3,42.3
2025-03-31,385.68,47,8.21,Monday,False,3,2025,16.8,11.2,0.0,0,40.2
2025-04-01,413.2,56,7.38,Tuesday,False,4,2025,17.5,7.2,1.0,53,32.8
2025-04-02,376.15,54,6.97,Wednesday,False,4,2025,16.5,6.6,1.5,53,19.2
2025-04-03,395.5,51,7.75,Thursday,False,4,2025,19.6,8.9,0.0,3,17.8
2025-04-04,369.81,47,7.87,Friday,False,4,2025,18.8,7.1,0.0,3,9.1
2025-04-05,556.4,81,6.87,Saturday,True,4,2025,21.6,7.8,0.0,3,9.5
2025-04-06,479.3,70,6.85,Sunday,True,4,2025,22.7,7.7,0.0,0,30.8
2025-04-07,389.98,59,6.61,Monday,False,4,2025,19.5,9.9,0.0,3,27.4
2025-04-08,426.61,54,7.9,Tuesday,False,4,2025,19.8,6.7,0.0,3,16.3
2025-04-09,413.64,53,7.8,Wednesday,False,4,2025,17.0,9.6,0.7,51,10.8
2025-04-10,409.38,55,7.44,Thursday,False,4,2025,20.5,8.6,0.0,3,12.6
2025-04-11,442.87,54,8.2,Friday,False,4,2025,20.0,9.1,0.0,3,11.8
2025-04-12,508.68,63,8.07,Saturday,True,4,2025,20.5,9.5,0.7,53,19.0
2025-04-13,457.25,60,7.62,Sunday,True,4,2025,14.9,12.4,33.3,63,9.4
2025-04-14,395.52,48,8.24,Monday,False,4,2025,20.8,12.6,11.5,63,13.9
2025-04-15,407.63,59,6.91,Tuesday,False,4,2025,18.2,13.1,14.3,63,28.0
2025-04-16,326.64,49,6.67,Wednesday,False,4,2025,16.2,9.5,9.8,61,24.2
2025-04-17,358.19,51,7.02,Thursday,False,4,2025,12.9,9.0,1.4,53,38.5
2025-04-18,473.55,72,6.58,Friday,False,4,2025,18.6,7.8,0.0,3,22.7
2025-04-19,544.76,72,7.57,Saturday,True,4,2025,20.3,10.7,6.2,61,31.6
2025-04-20,469.08,56,8.38,Sunday,True,4,2025,18.5,9.8,2.5,61,26.8
2025-04-21,442.19,67,6.6,Monday,False,4,2025,20.2,8.5,0.2,51,15.3
2025-04-22,431.66,64,6.74,Tuesday,False,4,2025,20.9,12.2,0.0,3,23.2
2025-04-23,542.44,73,7.43,Wednesday,False,4,2025,20.0,12.1,3.7,61,23.9
2025-04-24,464.15,55,8.44,Thursday,False,4,2025,18.5,10.1,0.0,1,29.2
2025-04-25,414.34,58,7.14,Friday,False,4,2025,19.2,11.3,0.0,0,32.2
2025-04-26,441.31,59,7.48,Saturday,True,4,2025,19.8,10.5,0.4,51,28.0
2025-04-27,415.36,63,6.59,Sunday,True,4,2025,21.1,12.5,1.6,53,19.4
2025-04-28,427.84,63,6.79,Monday,False,4,2025,22.6,11.8,8.0,63,10.8
2025-04-29,389.53,46,8.47,Tuesday,False,4,2025,22.9,11.4,1.6,55,13.2
2025-04-30,362.97,43,8.44,Wednesday,False,4,2025,24.6,9.9,0.0,1,9.0
2025-05-01,394.08,61,6.46,Thursday,False,5,2025,25.3,10.4,0.0,0,13.7
2025-05-02,376.77,45,8.37,Friday,False,5,2025,25.5,11.2,0.0,3,21.3
2025-05-03,547.6,70,7.82,Saturday,True,5,2025,25.3,12.1,0.0,3,19.8
2025-05-04,515.46,63,8.18,Sunday,True,5,2025,20.5,14.8,19.8,63,13.9
2025-05-05,419.96,57,7.37,Monday,False,5,2025,17.7,11.9,15.9,63,28.0
2025-05-06,479.55,64,7.49,Tuesday,False,5,2025,16.5,10.6,0.0,3,30.1
2025-05-07,423.53,57,7.43,Wednesday,False,5,2025,16.7,10.8,1.1,53,20.7
2025-05-08,386.07,49,7.88,Thursday,False,5,2025,19.0,9.7,0.0,3,21.9
2025-05-09,481.53,71,6.78,Friday,False,5,2025,18.2,9.8,1.5,53,11.6
2025-05-10,502.24,77,6.52,Saturday,True,5,2025,21.4,10.9,0.0,3,17.3
2025-05-11,439.28,62,7.09,Sunday,True,5,2025,21.5,10.7,5.4,61,13.8
2025-05-12,413.24,52,7.95,Monday,False,5,2025,21.1,10.5,2.3,61,9.7
2025-05-13,385.91,56,6.89,Tuesday,False,5,2025,22.8,12.1,0.0,3,14.3
2025-05-14,365.7,47,7.78,Wednesday,False,5,2025,23.1,11.1,1.1,53,12.9
2025-05-15,458.14,54,8.48,Thursday,False,5,2025,24.1,12.8,0.0,2,35.9
2025-05-16,497.55,74,6.72,Friday,False,5,2025,22.4,13.9,0.0,3,34.0
2025-05-17,425.32,54,7.88,Saturday,True,5,2025,22.5,13.3,0.0,0,26.2
2025-05-18,503.86,68,7.41,Sunday,True,5,2025,25.4,12.4,0.0,3,16.7
2025-05-19,395.4,48,8.24,Monday,False,5,2025,25.5,14.1,0.3,51,19.8
2025-05-20,402.02,59,6.81,Tuesday,False,5,2025,23.0,14.9,6.1,61,18.2
2025-05-21,397.89,50,7.96,Wednesday,False,5,2025,25.9,15.4,0.0,3,19.6
2025-05-22,387.11,47,8.24,Thursday,False,5,2025,19.2,13.6,4.1,53,33.6
2025-05-23,423.69,51,8.31,Friday,False,5,2025,21.1,12.9,0.0,0,34.4
2025-05-24,448.6,57,7.87,Saturday,True,5,2025,21.5,12.5,0.0,3,31.6
2025-05-25,492.74,66,7.47,Sunday,True,5,2025,26.8,14.9,0.0,3,22.6
2025-05-26,419.99,54,7.78,Monday,False,5,2025,25.0,16.8,0.0,3,25.9
2025-05-27,412.52,50,8.25,Tuesday,False,5,2025,24.4,15.8,0.0,3,27.4
2025-05-28,385.86,50,7.72,Wednesday,False,5,2025,28.1,17.0,0.0,3,24.4
2025-05-29,399.18,61,6.54,Thursday,False,5,2025,27.1,17.9,0.0,3,33.7
2025-05-30,452.54,54,8.38,Friday,False,5,2025,32.3,18.8,0.0,2,28.1
2025-05-31,502.45,64,7.85,Saturday,True,5,2025,30.7,15.3,0.0,3,14.4
2025-06-01,503.39,64,7.87,Sunday,True,6,2025,30.6,16.0,0.0,3,16.7
2025-06-02,486.55,70,6.95,Monday,False,6,2025,26.6,18.6,7.5,63,14.4
2025-06-03,512.71,66,7.77,Tuesday,False,6,2025,29.6,16.8,0.0,3,19.7
2025-06-04,415.96,57,7.3,Wednesday,False,6,2025,23.9,18.2,6.8,61,25.2
2025-06-05,504.56,65,7.76,Thursday,False,6,2025,25.9,16.5,4.5,61,13.6
2025-06-06,456.4,68,6.71,Friday,False,6,2025,27.9,15.7,0.0,3,18.8
2025-06-07,565.81,72,7.86,Saturday,True,6,2025,28.4,17.6,0.7,53,13.6
2025-06-08,512.54,60,8.54,Sunday,True,6,2025,25.5,16.7,0.0,2,28.1
2025-06-09,410.96,62,6.63,Monday,False,6,2025,26.6,16.0,0.0,0,33.0
2025-06-10,418.13,49,8.53,Tuesday,False,6,2025,31.7,16.1,0.0,3,20.3
2025-06-11,485.24,66,7.35,Wednesday,False,6,2025,32.8,19.6,0.0,0,23.6
2025-06-12,493.79,60,8.23,Thursday,False,6,2025,31.4,17.1,0.0,3,17.9
2025-06-13,447.31,55,8.13,Friday,False,6,2025,32.3,17.7,0.0,3,16.9
2025-06-14,569.11,75,7.59,Saturday,True,6,2025,33.5,17.6,0.0,3,14.9
2025-06-15,477.18,60,7.95,Sunday,True,6,2025,31.4,19.0,0.0,3,26.6
2025-06-16,481.08,58,8.29,Monday,False,6,2025,27.0,18.9,0.0,1,34.9
2025-06-17,435.37,60,7.26,Tuesday,False,6,2025,31.6,19.2,0.0,0,29.8
2025-06-18,457.82,64,7.15,Wednesday,False,6,2025,33.2,19.9,0.0,0,18.8
2025-06-19,485.87,62,7.84,Thursday,False,6,2025,34.3,19.1,0.0,2,14.9
2025-06-20,449.64,55,8.18,Friday,False,6,2025,35.6,20.5,0.0,3,16.6
2025-06-21,528.75,66,8.01,Saturday,True,6,2025,35.6,21.0,0.0,2,15.8
2025-06-22,584.47,72,8.12,Sunday,True,6,2025,34.1,21.9,0.0,3,17.6
2025-06-23,461.23,63,7.32,Monday,False,6,2025,35.6,20.6,0.8,53,14.1
2025-06-24,517.81,64,8.09,Tuesday,False,6,2025,34.3,23.5,0.0,3,21.2
2025-06-25,439.28,65,6.76,Wednesday,False,6,2025,33.8,21.2,0.0,1,18.1
2025-06-26,505.74,67,7.55,Thursday,False,6,2025,34.0,21.9,1.0,53,22.2
2025-06-27,542.29,83,6.53,Friday,False,6,2025,32.9,23.0,0.0,3,33.0
2025-06-28,445.85,62,7.19,Saturday,True,6,2025,35.8,24.5,0.0,0,28.7
2025-06-29,512.92,71,7.22,Sunday,True,6,2025,37.2,25.6,0.0,0,23.7
2025-06-30,507.96,70,7.26,Monday,False,6,2025,37.0,22.6,0.0,3,14.7
2025-07-01,476.84,60,7.95,Tuesday,False,7,2025,37.0,22.8,0.0,1,17.0
2025-07-02,499.89,69,7.24,Wednesday,False,7,2025,36.1,22.0,0.0,2,15.0
2025-07-03,460.96,62,7.43,Thursday,False,7,2025,34.2,21.8,0.0,3,25.4
2025-07-04,488.67,70,6.98,Friday,False,7,2025,33.5,23.7,0.0,3,30.2
2025-07-05,539.06,74,7.28,Saturday,True,7,2025,34.0,23.2,0.0,3,24.4
2025-07-06,592.08,85,6.97,Sunday,True,7,2025,31.3,22.6,0.4,51,22.6
2025-07-07,495.63,75,6.61,Monday,False,7,2025,28.8,18.0,0.0,3,27.9
2025-07-08,499.04,65,7.68,Tuesday,False,7,2025,25.3,17.7,0.0,1,31.2
2025-07-09,469.14,60,7.82,Wednesday,False,7,2025,28.0,16.6,0.0,0,32.6
2025-07-10,466.19,60,7.77,Thursday,False,7,2025,30.5,18.4,0.0,0,26.9
2025-07-11,468.48,63,7.44,Friday,False,7,2025,32.3,16.8,0.0,0,22.1
2025-07-12,561.64,77,7.29,Saturday,True,7,2025,29.7,17.6,0.0,3,20.2
2025-07-13,529.11,64,8.27,Sunday,True,7,2025,31.2,19.9,0.0,3,15.8
2025-07-14,497.62,66,7.54,Monday,False,7,2025,33.3,20.1,0.0,1,13.3
2025-07-15,569.13,76,7.49,Tuesday,False,7,2025,32.7,22.2,0.0,3,22.3
2025-07-16,521.04,80,6.51,Wednesday,False,7,2025,31.5,22.5,0.0,1,30.4
2025-07-17,473.23,66,7.17,Thursday,False,7,2025,32.2,23.1,0.0,0,32.4
2025-07-18,534.4,74,7.22,Friday,False,7,2025,35.8,22.1,0.0,3,26.5
2025-07-19,530.12,73,7.26,Saturday,True,7,2025,31.0,21.6,0.3,51,20.0
2025-07-20,465.0,61,7.62,Sunday,True,7,2025,32.8,20.0,0.0,3,20.2
2025-07-21,446.28,59,7.56,Monday,False,7,2025,28.4,19.8,22.8,65,20.3
2025-07-22,411.85,53,7.77,Tuesday,False,7,2025,28.0,17.7,0.0,3,18.2
2025-07-23,472.71,59,8.01,Wednesday,False,7,2025,28.1,18.5,0.7,53,16.7
2025-07-24,487.59,60,8.13,Thursday,False,7,2025,26.6,17.8,0.0,3,18.3
2025-07-25,553.99,70,7.91,Friday,False,7,2025,27.4,17.6,0.0,2,24.6
2025-07-26,560.09,67,8.36,Saturday,True,7,2025,29.2,19.0,0.0,1,30.9
2025-07-27,538.33,82,6.57,Sunday,True,7,2025,30.4,20.6,0.0,3,27.4
2025-07-28,520.35,76,6.85,Monday,False,7,2025,24.9,18.6,0.0,3,38.9
2025-07-29,398.81,61,6.54,Tuesday,False,7,2025,27.4,18.0,0.0,0,36.6
2025-07-30,496.77,64,7.76,Wednesday,False,7,2025,29.5,19.1,0.0,0,28.1
2025-07-31,518.26,62,8.36,Thursday,False,7,2025,30.4,20.0,0.0,0,25.4
2025-08-01,428.36,61,7.02,Friday,False,8,2025,32.0,20.8,0.0,2,19.8
2025-08-02,593.34,71,8.36,Saturday,True,8,2025,28.3,20.7,0.0,2,29.5
2025-08-03,561.21,85,6.6,Sunday,True,8,2025,27.4,18.0,0.0,1,33.6
2025-08-04,471.14,56,8.41,Monday,False,8,2025,32.2,19.2,0.0,3,28.7
2025-08-05,513.15,71,7.23,Tuesday,False,8,2025,35.3,18.3,0.0,2,31.0
2025-08-06,578.75,86,6.73,Wednesday,False,8,2025,29.9,19.5,0.0,3,33.1
2025-08-07,495.27,66,7.5,Thursday,False,8,2025,33.1,17.0,0.0,3,16.8
2025-08-08,498.01,71,7.01,Friday,False,8,2025,34.8,17.9,0.0,2,16.5
2025-08-09,529.79,75,7.06,Saturday,True,8,2025,36.9,19.1,0.0,3,16.3
2025-08-10,514.25,72,7.14,Sunday,True,8,2025,37.0,21.5,0.0,1,25.6
2025-08-11,521.54,64,8.15,Monday,False,8,2025,37.4,24.0,0.0,2,25.8
2025-08-12,454.17,60,7.57,Tuesday,False,8,2025,38.7,20.6,0.0,3,22.0
2025-08-13,491.36,69,7.12,Wednesday,False,8,2025,37.2,20.6,0.0,3,15.4
2025-08-14,469.47,61,7.7,Thursday,False,8,2025,36.0,24.9,0.1,51,24.5
2025-08-15,507.82,64,7.93,Friday,False,8,2025,36.8,23.4,0.0,1,18.7
2025-08-16,562.09,80,7.03,Saturday,True,8,2025,36.3,26.1,0.0,0,26.3
2025-08-17,590.32,81,7.29,Sunday,True,8,2025,33.2,24.0,0.0,0,30.5
2025-08-18,468.5,69,6.79,Monday,False,8,2025,34.9,23.1,0.0,3,25.3
2025-08-19,478.19,70,6.83,Tuesday,False,8,2025,30.6,22.1,0.1,51,11.8
2025-08-20,449.92,57,7.89,Wednesday,False,8,2025,25.0,19.2,22.9,65,16.2
2025-08-21,471.38,69,6.83,Thursday,False,8,2025,26.0,17.6,0.3,51,23.5
2025-08-22,504.32,67,7.53,Friday,False,8,2025,26.8,19.3,0.0,3,32.3
2025-08-23,579.59,73,7.94,Saturday,True,8,2025,27.0,17.2,0.0,2,33.5
2025-08-24,512.51,76,6.74,Sunday,True,8,2025,29.6,17.5,0.0,1,28.3
2025-08-25,524.26,69,7.6,Monday,False,8,2025,29.2,15.8,0.0,3,15.6
2025-08-26,543.79,78,6.97,Tuesday,False,8,2025,31.8,20.5,0.0,3,17.5
2025-08-27,506.18,60,8.44,Wednesday,False,8,2025,30.8,21.2,0.9,53,21.8
2025-08-28,564.8,76,7.43,Thursday,False,8,2025,27.4,19.0,5.1,61,16.3
2025-08-29,458.86,57,8.05,Friday,False,8,2025,24.9,14.9,0.1,51,17.7
2025-08-30,500.1,66,7.58,Saturday,True,8,2025,25.5,15.2,0.0,2,14.8
2025-08-31,478.82,73,6.56,Sunday,True,8,2025,29.2,16.5,0.0,3,20.8
2025-09-01,489.9,63,7.78,Monday,False,9,2025,21.4,17.7,41.2,63,23.8
2025-09-02,456.31,54,8.45,Tuesday,False,9,2025,24.1,15.1,0.0,3,14.8
2025-09-03,428.0,56,7.64,Wednesday,False,9,2025,26.6,15.1,0.0,3,14.1
2025-09-04,441.5,54,8.18,Thursday,False,9,2025,24.5,16.8,2.3,53,22.4
2025-09-05,385.36,47,8.2,Friday,False,9,2025,23.3,15.7,0.0,2,25.0
2025-09-06,588.3,85,6.92,Saturday,True,9,2025,26.8,13.9,0.0,0,25.1
2025-09-07,495.72,72,6.88,Sunday,True,9,2025,27.5,14.2,0.0,3,15.9
2025-09-08,435.01,56,7.77,Monday,False,9,2025,27.5,16.8,0.4,51,17.5
2025-09-09,459.74,63,7.3,Tuesday,False,9,2025,25.4,18.0,0.1,51,24.9
2025-09-10,450.03,55,8.18,Wednesday,False,9,2025,25.8,17.6,0.0,3,20.7
2025-09-11,439.83,53,8.3,Thursday,False,9,2025,25.3,16.6,0.0,3,17.8
2025-09-12,399.34,55,7.26,Friday,False,9,2025,24.1,14.6,0.0,3,13.7
2025-09-13,509.9,73,6.98,Saturday,True,9,2025,18.6,13.9,11.6,63,10.1
2025-09-14,566.4,70,8.09,Sunday,True,9,2025,25.4,14.9,0.0,3,8.7
2025-09-15,485.02,69,7.03,Monday,False,9,2025,29.0,15.9,0.0,3,12.5
2025-09-16,495.02,61,8.12,Tuesday,False,9,2025,24.0,17.3,0.0,3,23.7
2025-09-17,410.92,56,7.34,Wednesday,False,9,2025,25.9,15.2,0.0,3,28.2
2025-09-18,391.87,50,7.84,Thursday,False,9,2025,28.6,15.6,0.0,3,19.1
2025-09-19,426.5,64,6.66,Friday,False,9,2025,28.3,14.4,0.0,1,13.0
2025-09-20,493.85,64,7.72,Saturday,True,9,2025,28.9,15.9,0.0,3,17.5
2025-09-21,535.47,72,7.44,Sunday,True,9,2025,23.5,16.0,72.2,65,17.3
2025-09-22,364.08,47,7.75,Monday,False,9,2025,21.5,14.7,18.5,65,26.6
2025-09-23,493.05,72,6.85,Tuesday,False,9,2025,18.6,12.3,0.0,3,23.9
2025-09-24,425.62,53,8.03,Wednesday,False,9,2025,17.1,10.6,9.3,63,16.2
2025-09-25,414.95,50,8.3,Thursday,False,9,2025,18.4,9.9,0.0,3,18.3
2025-09-26,391.63,56,6.99,Friday,False,9,2025,18.5,11.0,0.0,3,14.4
2025-09-27,426.0,64,6.66,Saturday,True,9,2025,19.6,9.9,0.0,3,12.3
2025-09-28,525.2,80,6.57,Sunday,True,9,2025,19.9,8.7,0.0,3,11.8
2025-09-29,435.29,56,7.77,Monday,False,9,2025,21.2,12.1,0.0,3,24.5
2025-09-30,380.84,49,7.77,Tuesday,False,9,2025,20.0,12.9,0.0,3,25.1
2025-10-01,380.72,50,7.61,Wednesday,False,10,2025,19.4,13.3,0.0,3,31.3
2025-10-02,419.17,60,6.99,Thursday,False,10,2025,19.9,11.4,0.0,3,28.0
2025-10-03,499.45,69,7.24,Friday,False,10,2025,20.5,8.4,0.0,3,14.1
2025-10-04,482.38,63,7.66,Saturday,True,10,2025,23.8,11.8,0.1,51,25.7
2025-10-05,432.72,58,7.46,Sunday,True,10,2025,17.0,10.6,0.0,1,29.3
2025-10-06,423.1,50,8.46,Monday,False,10,2025,17.8,11.4,0.0,2,32.6
2025-10-07,422.1,62,6.81,Tuesday,False,10,2025,21.4,11.4,0.0,3,31.9
2025-10-08,325.22,41,7.93,Wednesday,False,10,2025,21.9,10.3,0.0,3,17.2
2025-10-09,431.01,59,7.31,Thursday,False,10,2025,19.6,14.4,0.0,3,29.4
2025-10-10,424.02,58,7.31,Friday,False,10,2025,21.4,13.8,0.0,1,29.3
2025-10-11,521.19,66,7.9,Saturday,True,10,2025,23.5,12.7,0.0,0,24.3
2025-10-12,567.38,72,7.88,Sunday,True,10,2025,23.3,11.1,0.0,3,16.8
2025-10-13,478.57,56,8.55,Monday,False,10,2025,21.7,11.5,0.0,3,15.6
2025-10-14,422.83,63,6.71,Tuesday,False,10,2025,21.4,10.6,0.0,3,24.4
2025-10-15,389.41,58,6.71,Wednesday,False,10,2025,20.5,11.6,0.0,0,25.1
2025-10-16,536.69,68,7.89,Thursday,False,10,2025,20.4,10.2,0.0,0,19.1
2025-10-17,436.2,57,7.65,Friday,False,10,2025,20.2,9.6,0.0,0,18.2
2025-10-18,494.47,70,7.06,Saturday,True,10,2025,20.4,9.0,0.0,1,17.5
2025-10-19,493.03,74,6.66,Sunday,True,10,2025,18.3,10.6,5.3,61,20.2
2025-10-20,442.01,66,6.7,Monday,False,10,2025,18.5,13.8,21.4,63,27.9
2025-10-21,428.39,52,8.24,Tuesday,False,10,2025,17.9,11.3,5.5,63,9.7
2025-10-22,411.3,60,6.86,Wednesday,False,10,2025,21.6,14.1,6.1,63,12.9
2025-10-23,412.45,58,7.11,Thursday,False,10,2025,17.8,12.6,4.1,61,27.3
2025-10-24,433.1,62,6.99,Friday,False,10,2025,17.4,9.6,0.0,3,13.8
2025-10-25,472.76,66,7.16,Saturday,True,10,2025,18.4,9.3,0.0,3,13.8
2025-10-26,466.06,70,6.66,Sunday,True,10,2025,15.5,9.6,0.0,3,24.1
2025-10-27,438.91,58,7.57,Monday,False,10,2025,17.6,7.8,0.0,3,17.4
2025-10-28,424.54,64,6.63,Tuesday,False,10,2025,19.5,11.1,0.0,1,17.7
2025-10-29,494.98,61,8.11,Wednesday,False,10,2025,17.0,8.3,20.8,63,31.7
2025-10-30,328.87,47,7.0,Thursday,False,10,2025,18.0,11.4,10.9,63,25.2
2025-10-31,478.65,63,7.6,Friday,False,10,2025,20.6,10.4,0.2,51,17.0
2025-11-01,544.91,66,8.26,Saturday,True,11,2025,19.8,14.9,2.7,53,23.1
2025-11-02,412.22,53,7.78,Sunday,True,11,2025,17.0,11.5,16.7,63,15.7
2025-11-03,421.53,56,7.53,Monday,False,11,2025,16.2,10.6,0.0,0,28.0
2025-11-04,420.46,59,7.13,Tuesday,False,11,2025,19.2,5.8,0.0,0,13.2
2025-11-05,379.1,53,7.15,Wednesday,False,11,2025,18.3,6.0,0.0,3,12.4
2025-11-06,404.37,52,7.78,Thursday,False,11,2025,17.1,10.4,10.7,63,18.0
2025-11-07,391.14,46,8.5,Friday,False,11,2025,16.4,10.1,4.6,61,14.5
2025-11-08,565.73,72,7.86,Saturday,True,11,2025,16.8,7.6,0.2,51,26.0
2025-11-09,533.15,70,7.62,Sunday,True,11,2025,16.2,11.6,0.0,3,30.0
2025-11-10,486.67,61,7.98,Monday,False,11,2025,14.3,6.8,0.2,51,20.4
2025-11-11,464.76,63,7.38,Tuesday,False,11,2025,15.4,5.1,0.0,3,7.2
2025-11-12,390.81,59,6.62,Wednesday,False,11,2025,18.9,7.7,0.1,51,20.6
2025-11-13,415.07,54,7.69,Thursday,False,11,2025,19.5,11.6,0.0,3,13.8
2025-11-14,455.71,54,8.44,Friday,False,11,2025,19.0,13.1,0.9,53,27.7
2025-11-15,447.33,65,6.88,Saturday,True,11,2025,19.8,13.9,47.5,65,25.5
2025-11-16,524.82,67,7.83,Sunday,True,11,2025,18.0,12.3,32.1,63,26.5
2025-11-17,426.77,62,6.88,Monday,False,11,2025,15.8,7.7,0.1,51,35.5
2025-11-18,421.47,56,7.53,Tuesday,False,11,2025,8.4,4.5,0.0,1,39.6
2025-11-19,464.99,69,6.74,Wednesday,False,11,2025,9.3,1.2,0.0,3,26.1
2025-11-20,454.4,61,7.45,Thursday,False,11,2025,7.9,2.9,0.2,51,21.8
2025-11-21,422.27,53,7.97,Friday,False,11,2025,5.6,1.4,0.0,3,46.9
2025-11-22,543.17,75,7.24,Saturday,True,11,2025,4.9,1.5,0.0,2,42.7
2025-11-23,453.63,58,7.82,Sunday,True,11,2025,7.7,-0.7,1.4,53,29.1
2025-11-24,461.6,57,8.1,Monday,False,11,2025,13.8,6.6,5.2,61,12.8
2025-11-25,460.77,55,8.38,Tuesday,False,11,2025,10.8,3.8,0.0,2,18.4
2025-11-26,424.74,61,6.96,Wednesday,False,11,2025,8.7,4.7,0.0,3,42.2
2025-11-27,450.25,62,7.26,Thursday,False,11,2025,7.8,4.1,0.0,3,37.9
2025-11-28,387.24,57,6.79,Friday,False,11,2025,9.8,3.1,0.0,3,34.1
2025-11-29,534.33,63,8.48,Saturday,True,11,2025,12.8,5.8,0.0,3,25.5
2025-11-30,490.06,59,8.31,Sunday,True,11,2025,11.4,4.8,1.5,53,25.9
2025-12-01,416.63,55,7.58,Monday,False,12,2025,10.0,2.6,0.0,3,30.4
2025-12-02,479.58,59,8.13,Tuesday,False,12,2025,11.3,1.8,3.9,53,9.2
2025-12-03,409.52,54,7.58,Wednesday,False,12,2025,9.6,7.0,19.7,63,20.1
2025-12-04,381.44,49,7.78,Thursday,False,12,2025,8.9,3.5,1.5,53,18.3
2025-12-05,375.6,56,6.71,Friday,False,12,2025,10.6,2.6,0.0,2,26.7
2025-12-06,522.19,65,8.03,Saturday,True,12,2025,8.4,2.7,0.0,3,10.2
2025-12-07,446.81,66,6.77,Sunday,True,12,2025,13.0,2.5,0.0,3,10.2
2025-12-08,508.3,62,8.2,Monday,False,12,2025,15.1,7.6,0.0,3,18.1
2025-12-09,354.91,44,8.07,Tuesday,False,12,2025,14.5,4.2,0.2,51,16.9
2025-12-10,506.13,64,7.91,Wednesday,False,12,2025,15.9,10.1,0.7,51,14.2
2025-12-11,446.8,68,6.57,Thursday,False,12,2025,13.6,9.8,0.6,51,5.5
2025-12-12,434.57,61,7.12,Friday,False,12,2025,14.7,7.7,0.0,3,10.1
2025-12-13,476.72,68,7.01,Saturday,True,12,2025,13.2,5.3,0.0,2,14.6
2025-12-14,514.57,71,7.25,Sunday,True,12,2025,11.4,3.9,0.0,3,13.6
2025-12-15,437.18,65,6.73,Monday,False,12,2025,15.1,4.8,2.2,61,23.3
2025-12-16,482.9,58,8.33,Tuesday,False,12,2025,13.9,9.2,21.7,63,28.3
2025-12-17,443.42,58,7.65,Wednesday,False,12,2025,12.7,6.9,0.0,3,7.9
2025-12-18,444.94,63,7.06,Thursday,False,12,2025,14.9,8.6,0.6,53,17.7
2025-12-19,424.47,58,7.32,Friday,False,12,2025,13.1,11.2,14.6,63,16.8
2025-12-20,496.82,67,7.42,Saturday,True,12,2025,16.0,10.9,1.3,53,14.0
2025-12-21,511.49,66,7.75,Sunday,True,12,2025,14.1,10.9,17.2,63,26.3
2025-12-22,370.85,49,7.57,Monday,False,12,2025,13.9,9.2,32.6,63,31.9
2025-12-23,385.42,46,8.38,Tuesday,False,12,2025,11.1,7.5,11.9,63,21.6
2025-12-24,469.16,63,7.45,Wednesday,False,12,2025,7.1,4.2,1.0,55,36.8
2025-12-25,446.34,53,8.42,Thursday,False,12,2025,7.2,2.4,5.1,71,25.0
2025-12-26,432.23,53,8.16,Friday,False,12,2025,9.4,3.0,0.3,51,20.4
2025-12-27,500.41,72,6.95,Saturday,True,12,2025,9.9,1.4,0.0,2,19.1
2025-12-28,513.66,61,8.42,Sunday,True,12,2025,8.1,1.4,0.0,0,21.6
2025-12-29,418.25,62,6.75,Monday,False,12,2025,8.1,-0.8,0.0,2,18.6
2025-12-30,408.79,50,8.18,Tuesday,False,12,2025,2.9,-0.1,0.0,3,42.9
2025-12-31,447.83,62,7.22,Wednesday,False,12,2025,4.0,-0.8,0.0,2,39.5
